data_profile,N,L,K,off_pct,active_pct,cases,best_T_min,best_T_p05,best_T_p25,best_T_median,best_T_p75,best_T_p95,best_T_max,best_T_mean,best_T_std,best_T_iqr,best_T_cv,best_T_over_N_mean,best_T_over_K_mean
rayleigh,500,4,125,75.0,25.0,100,4,7.0,12.75,17.5,24.25,34.099999999999994,47,18.93,8.683264991297394,11.5,0.4587039086792073,0.03786,0.15144
rayleigh,500,4,250,50.0,50.0,100,9,12.9,20.75,27.0,36.0,50.0,58,28.42,11.406342378898087,15.25,0.4013491336698834,0.05684,0.11368
