data_profile,K,off_pct,cases,best_T_min,best_T_p05,best_T_p25,best_T_median,best_T_p75,best_T_p95,best_T_max,best_T_mean,best_T_std,best_T_iqr,best_T_cv,best_T_over_N_mean,best_T_over_K_mean
rayleigh,250,75.0,100,11,18.95,29.0,35.0,46.0,64.05,90,38.29,14.458785033551909,17.0,0.3776125629028966,0.03829,0.15316
rayleigh,500,50.0,100,22,28.95,39.75,49.5,62.0,75.0,106,51.48,15.572885008075653,22.25,0.3025035937854634,0.05148,0.10296
