data_profile,N,L,K,off_pct,active_pct,cases,best_T_min,best_T_p05,best_T_p25,best_T_median,best_T_p75,best_T_p95,best_T_max,best_T_mean,best_T_std,best_T_iqr,best_T_cv,best_T_over_N_mean,best_T_over_K_mean
rayleigh,500,2,125,75.0,25.0,100,2,5.95,11.0,18.5,24.0,32.0,45,18.52,8.441695458983476,13.0,0.4558150895779415,0.03704,0.14816
rayleigh,500,2,250,50.0,50.0,100,3,10.9,18.0,23.0,30.0,45.099999999999994,52,24.45,10.218200240825983,12.0,0.41792230023828153,0.048900000000000006,0.09780000000000001
