data_profile,N,L,K,off_pct,active_pct,cases,best_T_min,best_T_p05,best_T_p25,best_T_median,best_T_p75,best_T_p95,best_T_max,best_T_mean,best_T_std,best_T_iqr,best_T_cv,best_T_over_N_mean,best_T_over_K_mean
gaussian,500,4,125,75.0,25.0,100,5,7.95,14.0,20.5,25.0,37.0,56,20.63,8.935973151348216,11.0,0.4331542972054395,0.04125999999999999,0.16503999999999996
gaussian,500,4,250,50.0,50.0,100,7,14.0,22.0,28.5,40.0,51.0,59,30.27,11.732588647167187,18.0,0.3875979070752292,0.06054,0.12108
