data_profile,K,off_pct,formula,T,cases,u_g_mean,fraction_best_tested_u_g_mean,fraction_best_tested_u_g_p05,gap_to_best_tested_pct_mean,winner_rate
rician,250,75.0,T_0p05N,50,100,6892075.064655177,0.9361266287503383,0.8713684219830264,6.387337124966175,0.01
rician,250,75.0,T_0p075N,75,100,6924474.352412995,0.9402727567375108,0.8727175703996822,5.972724326248898,0.0
rician,250,75.0,T_0p10K,25,100,6493653.349323397,0.8809144572848736,0.7840993516411944,11.908554271512639,0.0
rician,250,75.0,T_0p10N,100,100,6818059.652304977,0.9254254620378357,0.848661318018964,7.457453796216428,0.0
rician,250,75.0,T_0p20K,50,100,6892075.064655177,0.9361266287503383,0.8713684219830264,6.387337124966175,0.01
rician,250,75.0,legacy_T100,100,100,6818059.652304977,0.9254254620378357,0.848661318018964,7.457453796216428,0.0
rician,250,75.0,legacy_T25,25,100,6493653.349323397,0.8809144572848736,0.7840993516411944,11.908554271512639,0.0
rician,250,75.0,legacy_T50,50,100,6892075.064655177,0.9361266287503383,0.8713684219830264,6.387337124966175,0.01
rician,500,50.0,T_0p05N,50,100,62177288.84747607,0.9435892890047869,0.8751641256803739,5.641071099521322,0.02
rician,500,50.0,T_0p075N,75,100,63688057.85418184,0.9659128779999274,0.9260737237194424,3.4087122000072414,0.02
rician,500,50.0,T_0p10K,50,100,62177288.84747607,0.9435892890047869,0.8751641256803739,5.641071099521322,0.02
rician,500,50.0,T_0p10N,100,100,63664314.27202922,0.9652733096676809,0.9296897866337847,3.472669033231916,0.0
rician,500,50.0,T_0p20K,100,100,63664314.27202922,0.9652733096676809,0.9296897866337847,3.472669033231916,0.0
rician,500,50.0,legacy_T100,100,100,63664314.27202922,0.9652733096676809,0.9296897866337847,3.472669033231916,0.0
rician,500,50.0,legacy_T25,25,100,56960879.705995694,0.8636041936633997,0.7964157294640014,13.639580633660028,0.0
rician,500,50.0,legacy_T50,50,100,62177288.84747607,0.9435892890047869,0.8751641256803739,5.641071099521322,0.02
