data_profile,N,L,K,off_pct,active_pct,cases,best_T_min,best_T_p05,best_T_p25,best_T_median,best_T_p75,best_T_p95,best_T_max,best_T_mean,best_T_std,best_T_iqr,best_T_cv,best_T_over_N_mean,best_T_over_K_mean
nakagami,1000,4,250,75.0,25.0,100,20,26.95,37.0,48.0,57.0,72.54999999999997,114,48.36,15.781666898683742,20.0,0.3263371980703834,0.04836,0.19344
nakagami,1000,4,500,50.0,50.0,100,27,37.0,50.0,62.0,82.25,99.74999999999996,139,65.74,22.420057758600667,32.25,0.3410413410191766,0.06573999999999999,0.13147999999999999
