data_profile,K,off_pct,cases,best_T_min,best_T_p05,best_T_p25,best_T_median,best_T_p75,best_T_p95,best_T_max,best_T_mean,best_T_std,best_T_iqr,best_T_cv,best_T_over_N_mean,best_T_over_K_mean
gaussian,250,75.0,1000,6,17.0,26.0,35.0,47.0,65.0,100,37.465,15.163730204462018,21.0,0.40474389975876196,0.037465000000000005,0.14986000000000002
gaussian,500,50.0,1000,12,26.0,38.0,50.0,63.0,82.04999999999995,123,51.5,17.471211842435064,25.0,0.339246831891943,0.05150000000000001,0.10300000000000002
