data_profile,N,L,K,off_pct,active_pct,cases,best_T_min,best_T_p05,best_T_p25,best_T_median,best_T_p75,best_T_p95,best_T_max,best_T_mean,best_T_std,best_T_iqr,best_T_cv,best_T_over_N_mean,best_T_over_K_mean
nakagami,1000,2,250,75.0,25.0,100,11,20.85,33.0,42.5,54.0,70.05,99,43.8,16.280992201665935,21.0,0.3717121507229666,0.0438,0.1752
nakagami,1000,2,500,50.0,50.0,100,14,31.9,45.0,57.0,72.0,95.05,114,60.22,19.79163173840618,27.0,0.3286554589572597,0.06022,0.12044
