data_profile,N,L,K,off_pct,active_pct,cases,best_T_min,best_T_p05,best_T_p25,best_T_median,best_T_p75,best_T_p95,best_T_max,best_T_mean,best_T_std,best_T_iqr,best_T_cv,best_T_over_N_mean,best_T_over_K_mean
twdp,500,2,125,75.0,25.0,100,4,6.0,12.0,18.0,23.25,34.05,42,18.36,8.53101294209438,11.25,0.4646521210291057,0.03672,0.14688
twdp,500,2,250,50.0,50.0,100,6,9.95,16.0,23.0,29.25,37.05,42,23.08,8.44432748457014,13.25,0.3658720747214099,0.04616,0.09232
