data_profile,N,L,K,off_pct,active_pct,cases,best_T_min,best_T_p05,best_T_p25,best_T_median,best_T_p75,best_T_p95,best_T_max,best_T_mean,best_T_std,best_T_iqr,best_T_cv,best_T_over_N_mean,best_T_over_K_mean
twdp,5000,4,1250,75.0,25.0,100,105,141.9,174.0,201.5,233.25,287.74999999999994,331,206.63,45.435858886206525,59.25,0.21988994282633947,0.041326,0.165304
twdp,5000,4,2500,50.0,50.0,100,158,212.9,245.0,274.0,313.75,369.25,398,279.8,49.76145114646497,68.75,0.1778465015956575,0.05596,0.11192
