data_profile,N,L,K,off_pct,active_pct,cases,best_T_min,best_T_p05,best_T_p25,best_T_median,best_T_p75,best_T_p95,best_T_max,best_T_mean,best_T_std,best_T_iqr,best_T_cv,best_T_over_N_mean,best_T_over_K_mean
twdp,5000,10,1250,75.0,25.0,100,130,165.85,208.25,237.0,269.25,331.15,367,240.89,47.90392215232232,61.0,0.1988622282050825,0.048178,0.192712
twdp,5000,10,2500,50.0,50.0,100,197,244.85,271.75,311.5,352.0,412.15,462,314.95,54.19314038369122,80.25,0.17206902804791627,0.06299,0.12598
