data_profile,N,L,K,off_pct,active_pct,cases,best_T_min,best_T_p05,best_T_p25,best_T_median,best_T_p75,best_T_p95,best_T_max,best_T_mean,best_T_std,best_T_iqr,best_T_cv,best_T_over_N_mean,best_T_over_K_mean
twdp,5000,6,1250,75.0,25.0,100,122,164.9,192.25,218.0,253.5,307.05,339,226.77,44.70009038926074,61.25,0.1971164192320886,0.045354,0.181416
twdp,5000,6,2500,50.0,50.0,100,200,220.0,272.75,307.5,351.75,402.34999999999997,478,310.28,56.33648547752687,79.0,0.1815666026734784,0.062056000000000014,0.12411200000000003
