data_profile,N,L,K,off_pct,active_pct,cases,best_T_min,best_T_p05,best_T_p25,best_T_median,best_T_p75,best_T_p95,best_T_max,best_T_mean,best_T_std,best_T_iqr,best_T_cv,best_T_over_N_mean,best_T_over_K_mean
thin_tail,2000,10,500,75.0,25.0,100,34,39.9,66.75,80.0,107.25,135.2,153,85.6,28.20058026482305,40.5,0.32944603113111043,0.04279999999999999,0.17119999999999996
thin_tail,2000,10,1000,50.0,50.0,100,63,83.9,107.75,132.5,155.0,174.0,202,130.17,29.82983896921492,47.25,0.22916062817250457,0.06508499999999999,0.13016999999999998
