data_profile,N,L,K,off_pct,active_pct,cases,best_T_min,best_T_p05,best_T_p25,best_T_median,best_T_p75,best_T_p95,best_T_max,best_T_mean,best_T_std,best_T_iqr,best_T_cv,best_T_over_N_mean,best_T_over_K_mean
thin_tail,5000,8,1250,75.0,25.0,100,130,151.85,189.75,226.0,268.5,309.1,333,227.96,49.97351217587092,78.75,0.21922053068902844,0.04559200000000001,0.18236800000000003
thin_tail,5000,8,2500,50.0,50.0,100,200,250.5,291.75,325.0,378.75,454.2,513,335.22,63.312050650533806,87.0,0.1888671638044681,0.067044,0.134088
