data_profile,N,L,K,off_pct,active_pct,cases,best_T_min,best_T_p05,best_T_p25,best_T_median,best_T_p75,best_T_p95,best_T_max,best_T_mean,best_T_std,best_T_iqr,best_T_cv,best_T_over_N_mean,best_T_over_K_mean
rayleigh,1000,10,250,75.0,25.0,100,12,23.95,36.75,46.0,59.0,74.05,97,48.05,16.631098410611198,22.25,0.34612067451844325,0.04804999999999999,0.19219999999999995
rayleigh,1000,10,500,50.0,50.0,100,24,45.95,55.0,71.5,88.0,110.0,141,73.04,21.047286828194338,33.0,0.2881611011527154,0.07304,0.14608
