data_profile,K,off_pct,cases,best_T_min,best_T_p05,best_T_p25,best_T_median,best_T_p75,best_T_p95,best_T_max,best_T_mean,best_T_std,best_T_iqr,best_T_cv,best_T_over_N_mean,best_T_over_K_mean
lognormal,250,75.0,1000,6,16.0,25.0,35.0,46.0,63.049999999999955,90,36.514,14.917584869486694,21.0,0.40854425342298,0.036514000000000005,0.14605600000000002
lognormal,500,50.0,1000,7,23.0,38.0,50.0,64.0,84.0,109,51.419,17.980454269448693,26.0,0.34968502439659843,0.051419000000000006,0.10283800000000001
