data_profile,N,L,K,off_pct,active_pct,cases,best_T_min,best_T_p05,best_T_p25,best_T_median,best_T_p75,best_T_p95,best_T_max,best_T_mean,best_T_std,best_T_iqr,best_T_cv,best_T_over_N_mean,best_T_over_K_mean
twdp,1000,4,250,75.0,25.0,100,10,17.95,28.0,36.0,45.0,68.0,82,38.62,14.76604075559727,17.0,0.3823418113826326,0.03862,0.15448
twdp,1000,4,500,50.0,50.0,100,24,31.0,42.0,52.0,64.0,84.0,106,54.17,16.675788412903277,22.0,0.30784176505267263,0.054169999999999996,0.10833999999999999
