data_profile,N,L,K,off_pct,active_pct,cases,best_T_min,best_T_p05,best_T_p25,best_T_median,best_T_p75,best_T_p95,best_T_max,best_T_mean,best_T_std,best_T_iqr,best_T_cv,best_T_over_N_mean,best_T_over_K_mean
twdp,500,4,125,75.0,25.0,100,2,6.0,12.75,20.0,27.0,39.0,56,21.01,10.418025365934396,14.25,0.4958603220340026,0.04202,0.16808
twdp,500,4,250,50.0,50.0,100,7,11.95,20.75,27.0,36.0,50.0,57,28.74,11.442098416008147,15.25,0.3981245099515709,0.057479999999999996,0.11495999999999999
