data_profile,K,off_pct,cases,best_T_min,best_T_p05,best_T_p25,best_T_median,best_T_p75,best_T_p95,best_T_max,best_T_mean,best_T_std,best_T_iqr,best_T_cv,best_T_over_N_mean,best_T_over_K_mean
thin_tail,250,75.0,1000,4,20.0,30.0,41.0,50.25,69.0,97,41.467,15.344065672153237,20.25,0.3700307635506122,0.041467000000000004,0.16586800000000002
thin_tail,500,50.0,1000,11,32.0,45.0,58.0,72.0,94.0,136,59.426,18.842281060305716,27.0,0.3170713334282253,0.059426,0.118852
