data_profile,N,L,K,off_pct,active_pct,cases,best_T_min,best_T_p05,best_T_p25,best_T_median,best_T_p75,best_T_p95,best_T_max,best_T_mean,best_T_std,best_T_iqr,best_T_cv,best_T_over_N_mean,best_T_over_K_mean
twdp,1000,2,250,75.0,25.0,100,10,17.95,30.0,35.0,42.0,59.05,80,36.77,12.836072120191108,12.0,0.3490908925806665,0.03677,0.14708
twdp,1000,2,500,50.0,50.0,100,12,25.0,35.75,45.0,58.0,76.19999999999999,90,47.68,15.780617186532305,22.25,0.3309693201873386,0.04768,0.09536
