data_profile,N,L,K,off_pct,active_pct,cases,best_T_min,best_T_p05,best_T_p25,best_T_median,best_T_p75,best_T_p95,best_T_max,best_T_mean,best_T_std,best_T_iqr,best_T_cv,best_T_over_N_mean,best_T_over_K_mean
rayleigh,1000,4,250,75.0,25.0,100,12,18.0,32.75,44.0,56.0,75.05,107,44.86,17.352565088525534,23.25,0.3868159850317774,0.044860000000000004,0.17944000000000002
rayleigh,1000,4,500,50.0,50.0,100,19,33.9,49.0,60.0,75.25,92.05,107,61.77,18.049793641619576,26.25,0.2922097076512802,0.06177,0.12354
