data_profile,N,L,K,off_pct,active_pct,cases,best_T_min,best_T_p05,best_T_p25,best_T_median,best_T_p75,best_T_p95,best_T_max,best_T_mean,best_T_std,best_T_iqr,best_T_cv,best_T_over_N_mean,best_T_over_K_mean
rician,1000,2,250,75.0,25.0,100,26,30.0,48.75,69.0,104.25,157.45,209,80.82,41.11314272894381,55.5,0.508700108004749,0.08082,0.32328
rician,1000,2,500,50.0,50.0,100,45,51.0,72.75,88.0,108.25,131.14999999999998,146,91.19,24.13375815798863,35.5,0.2646535602367434,0.09118999999999998,0.18237999999999996
