data_profile,K,off_pct,formula,T,cases,u_g_mean,fraction_best_tested_u_g_mean,fraction_best_tested_u_g_p05,gap_to_best_tested_pct_mean,winner_rate
rician,250,75.0,T_0p05N,50,1000,6939292.155268139,0.9330012263449649,0.8507922258091167,6.699877365503517,0.012
rician,250,75.0,T_0p075N,75,1000,6995348.130247257,0.9406401453169992,0.8722000693684172,5.935985468300079,0.008
rician,250,75.0,T_0p10K,25,1000,6550914.76437488,0.8809845865060606,0.7731886111882253,11.901541349393927,0.002
rician,250,75.0,T_0p10N,100,1000,6897913.068371403,0.9281474315824748,0.85101092693691,7.185256841752527,0.01
rician,250,75.0,T_0p20K,50,1000,6939292.155268139,0.9330012263449649,0.8507922258091167,6.699877365503517,0.012
rician,250,75.0,legacy_T100,100,1000,6897913.068371403,0.9281474315824748,0.85101092693691,7.185256841752527,0.01
rician,250,75.0,legacy_T25,25,1000,6550914.76437488,0.8809845865060606,0.7731886111882253,11.901541349393927,0.002
rician,250,75.0,legacy_T50,50,1000,6939292.155268139,0.9330012263449649,0.8507922258091167,6.699877365503517,0.012
rician,500,50.0,T_0p05N,50,1000,62283775.022376426,0.941094524040923,0.8760060033024896,5.890547595907707,0.006
rician,500,50.0,T_0p075N,75,1000,63808314.977408506,0.9642095002969417,0.919426177241423,3.5790499703058285,0.02
rician,500,50.0,T_0p10K,50,1000,62283775.022376426,0.941094524040923,0.8760060033024896,5.890547595907707,0.006
rician,500,50.0,T_0p10N,100,1000,63690201.49436455,0.96265902644366,0.9187862466792466,3.7340973556340082,0.01
rician,500,50.0,T_0p20K,100,1000,63690201.49436455,0.96265902644366,0.9187862466792466,3.7340973556340082,0.01
rician,500,50.0,legacy_T100,100,1000,63690201.49436455,0.96265902644366,0.9187862466792466,3.7340973556340082,0.01
rician,500,50.0,legacy_T25,25,1000,57319706.20368269,0.8658505893842737,0.7811165509713945,13.41494106157264,0.0
rician,500,50.0,legacy_T50,50,1000,62283775.022376426,0.941094524040923,0.8760060033024896,5.890547595907707,0.006
