data_profile,K,off_pct,cases,best_T_min,best_T_p05,best_T_p25,best_T_median,best_T_p75,best_T_p95,best_T_max,best_T_mean,best_T_std,best_T_iqr,best_T_cv,best_T_over_N_mean,best_T_over_K_mean
rician,250,75.0,1000,10,31.0,51.75,72.0,102.0,168.0,250,81.568,41.39073046671886,50.25,0.5074383393820966,0.08156800000000002,0.32627200000000006
rician,500,50.0,1000,26,46.0,68.0,86.0,106.0,138.0,204,87.992,28.192636640810324,38.0,0.3203999981908619,0.08799199999999999,0.17598399999999997
