data_profile,N,L,K,off_pct,active_pct,cases,best_T_min,best_T_p05,best_T_p25,best_T_median,best_T_p75,best_T_p95,best_T_max,best_T_mean,best_T_std,best_T_iqr,best_T_cv,best_T_over_N_mean,best_T_over_K_mean
gaussian,5000,4,1250,75.0,25.0,100,132,151.85,187.0,210.0,243.25,309.69999999999993,383,219.36,47.80865058446087,56.25,0.2179460730509704,0.043872,0.175488
gaussian,5000,4,2500,50.0,50.0,100,193,217.0,266.75,301.5,336.5,410.05,446,306.08,56.61185941357717,69.75,0.1849577215550744,0.061216000000000007,0.12243200000000001
