data_profile,K,off_pct,cases,best_T_min,best_T_p05,best_T_p25,best_T_median,best_T_p75,best_T_p95,best_T_max,best_T_mean,best_T_std,best_T_iqr,best_T_cv,best_T_over_N_mean,best_T_over_K_mean
rayleigh,250,75.0,1000,7,17.0,28.0,37.0,48.0,64.0,90,38.286,14.357239788146407,20.0,0.3749997332744712,0.038286,0.153144
rayleigh,500,50.0,1000,7,28.0,40.0,50.0,62.0,78.0,126,51.317,16.12446927838276,22.0,0.3142130147589057,0.05131700000000001,0.10263400000000002
