data_profile,K,off_pct,cases,best_T_min,best_T_p05,best_T_p25,best_T_median,best_T_p75,best_T_p95,best_T_max,best_T_mean,best_T_std,best_T_iqr,best_T_cv,best_T_over_N_mean,best_T_over_K_mean
nakagami,250,75.0,1000,9,21.0,32.0,42.0,54.0,70.0,105,43.881,15.643514904220169,22.0,0.3564985962995412,0.04388100000000001,0.17552400000000004
nakagami,500,50.0,1000,11,33.0,47.0,59.0,72.0,90.0,121,60.305,17.819301403323937,25.0,0.29548630135683507,0.060305000000000004,0.12061000000000001
