data_profile,K,off_pct,cases,best_T_min,best_T_p05,best_T_p25,best_T_median,best_T_p75,best_T_p95,best_T_max,best_T_mean,best_T_std,best_T_iqr,best_T_cv,best_T_over_N_mean,best_T_over_K_mean
gaussian,250,75.0,100,10,18.0,29.75,36.0,45.25,68.05,92,38.29,15.34801339429684,15.5,0.40083607715583286,0.03829,0.15316
gaussian,500,50.0,100,19,28.8,38.75,48.0,63.0,80.1,92,50.98,16.69632512642446,24.25,0.3275073583056975,0.050980000000000004,0.10196000000000001
