data_profile,N,L,K,off_pct,active_pct,cases,best_T_min,best_T_p05,best_T_p25,best_T_median,best_T_p75,best_T_p95,best_T_max,best_T_mean,best_T_std,best_T_iqr,best_T_cv,best_T_over_N_mean,best_T_over_K_mean
rayleigh,5000,2,1250,75.0,25.0,100,112,137.9,168.0,202.0,233.25,258.2,303,200.38,40.157462795622656,65.25,0.20040654154916987,0.040076,0.160304
rayleigh,5000,2,2500,50.0,50.0,100,175,191.6,226.0,249.5,288.75,346.25,410,261.08,50.13047219430754,62.75,0.1920119204623393,0.052216,0.104432
