data_profile,N,L,K,off_pct,active_pct,cases,best_T_min,best_T_p05,best_T_p25,best_T_median,best_T_p75,best_T_p95,best_T_max,best_T_mean,best_T_std,best_T_iqr,best_T_cv,best_T_over_N_mean,best_T_over_K_mean
lognormal,5000,10,1250,75.0,25.0,100,97,131.5,176.0,205.5,248.0,306.0,330,211.44,50.093915838556725,72.0,0.23691787664849,0.042288,0.169152
lognormal,5000,10,2500,50.0,50.0,100,191,215.9,272.75,307.0,333.0,411.2,438,307.04,57.82277346611049,60.25,0.18832325907409617,0.061408,0.122816
