data_profile,N,L,K,off_pct,active_pct,cases,best_T_min,best_T_p05,best_T_p25,best_T_median,best_T_p75,best_T_p95,best_T_max,best_T_mean,best_T_std,best_T_iqr,best_T_cv,best_T_over_N_mean,best_T_over_K_mean
rician,5000,6,1250,75.0,25.0,100,321,384.15,536.75,692.5,883.5,1222.0,1248,723.6,251.00529190767384,346.75,0.3468840407789854,0.14472,0.57888
rician,5000,6,2500,50.0,50.0,100,452,524.9,647.25,756.0,871.75,1045.1499999999999,1353,772.93,167.30352595800184,224.5,0.21645365810358227,0.154586,0.309172
