data_profile,K,off_pct,cases,best_T_min,best_T_p05,best_T_p25,best_T_median,best_T_p75,best_T_p95,best_T_max,best_T_mean,best_T_std,best_T_iqr,best_T_cv,best_T_over_N_mean,best_T_over_K_mean
thin_tail,250,75.0,100,16,21.0,30.0,40.0,51.25,68.29999999999998,88,41.93,14.801211389134965,21.25,0.3529981251880507,0.041929999999999995,0.16771999999999998
thin_tail,500,50.0,100,16,29.85,40.75,53.5,67.0,89.29999999999998,107,55.35,18.598020422517113,26.25,0.33600759570943295,0.05535,0.1107
