data_profile,K,off_pct,formula,T,cases,u_g_mean,fraction_best_tested_u_g_mean,fraction_best_tested_u_g_p05,gap_to_best_tested_pct_mean,winner_rate
thin_tail,250,75.0,T_0p05N,50,100,3710050.3484619213,0.9429310600065807,0.8793872534939335,5.706893999341908,0.04
thin_tail,250,75.0,T_0p075N,75,100,3491978.886796715,0.8884202638054259,0.8005134803727457,11.157973619457406,0.01
thin_tail,250,75.0,T_0p10K,25,100,3611930.5586490035,0.9149214323681422,0.8242321077579335,8.507856763185785,0.01
thin_tail,250,75.0,T_0p10N,100,100,3239085.255661664,0.8236059885080839,0.7412517318955792,17.63940114919161,0.0
thin_tail,250,75.0,T_0p20K,50,100,3710050.3484619213,0.9429310600065807,0.8793872534939335,5.706893999341908,0.04
thin_tail,250,75.0,legacy_T100,100,100,3239085.255661664,0.8236059885080839,0.7412517318955792,17.63940114919161,0.0
thin_tail,250,75.0,legacy_T25,25,100,3611930.5586490035,0.9149214323681422,0.8242321077579335,8.507856763185785,0.01
thin_tail,250,75.0,legacy_T50,50,100,3710050.3484619213,0.9429310600065807,0.8793872534939335,5.706893999341908,0.04
thin_tail,500,50.0,T_0p05N,50,100,18495934.712338444,0.9497559378674916,0.8753852612061479,5.0244062132508445,0.03
thin_tail,500,50.0,T_0p075N,75,100,18266581.7511307,0.938477100710311,0.8770562049912088,6.1522899289689,0.01
thin_tail,500,50.0,T_0p10K,50,100,18495934.712338444,0.9497559378674916,0.8753852612061479,5.0244062132508445,0.03
thin_tail,500,50.0,T_0p10N,100,100,17546607.9161344,0.9007899258790921,0.8117544681931501,9.921007412090791,0.0
thin_tail,500,50.0,T_0p20K,100,100,17546607.9161344,0.9007899258790921,0.8117544681931501,9.921007412090791,0.0
thin_tail,500,50.0,legacy_T100,100,100,17546607.9161344,0.9007899258790921,0.8117544681931501,9.921007412090791,0.0
thin_tail,500,50.0,legacy_T25,25,100,16792131.01082183,0.8604373985193279,0.7516765709840029,13.956260148067212,0.0
thin_tail,500,50.0,legacy_T50,50,100,18495934.712338444,0.9497559378674916,0.8753852612061479,5.0244062132508445,0.03
