data_profile,N,L,K,off_pct,active_pct,cases,best_T_min,best_T_p05,best_T_p25,best_T_median,best_T_p75,best_T_p95,best_T_max,best_T_mean,best_T_std,best_T_iqr,best_T_cv,best_T_over_N_mean,best_T_over_K_mean
gaussian,2000,4,500,75.0,25.0,100,38,45.0,70.25,83.0,105.0,128.29999999999998,150,86.88,25.657133215706015,34.75,0.29531691086217793,0.04344000000000001,0.17376000000000005
gaussian,2000,4,1000,50.0,50.0,100,71,88.7,106.75,124.0,142.75,173.29999999999998,192,126.24,26.372667209775653,36.0,0.20890896078719626,0.06312000000000001,0.12624000000000002
