data_profile,N,L,K,off_pct,active_pct,cases,best_T_min,best_T_p05,best_T_p25,best_T_median,best_T_p75,best_T_p95,best_T_max,best_T_mean,best_T_std,best_T_iqr,best_T_cv,best_T_over_N_mean,best_T_over_K_mean
rayleigh,2000,2,500,75.0,25.0,100,31,43.95,67.0,76.0,90.25,118.1,143,78.83,22.19430038764389,23.25,0.2815463705143206,0.039415,0.15766
rayleigh,2000,2,1000,50.0,50.0,100,50,66.95,87.75,106.5,126.0,150.29999999999998,183,107.53,29.044881675006895,38.25,0.2701095664001385,0.053765,0.10753
