data_profile,N,L,K,off_pct,active_pct,cases,best_T_min,best_T_p05,best_T_p25,best_T_median,best_T_p75,best_T_p95,best_T_max,best_T_mean,best_T_std,best_T_iqr,best_T_cv,best_T_over_N_mean,best_T_over_K_mean
rician,5000,8,1250,75.0,25.0,100,280,344.8,579.0,773.0,1009.25,1219.45,1250,792.26,268.84442649340093,430.25,0.3393386344046158,0.158452,0.633808
rician,5000,8,2500,50.0,50.0,100,492,551.55,687.0,812.0,908.25,1124.35,1291,818.97,178.357798095329,221.25,0.2177830666511948,0.16379400000000005,0.3275880000000001
