data_profile,N,L,K,off_pct,active_pct,cases,best_T_min,best_T_p05,best_T_p25,best_T_median,best_T_p75,best_T_p95,best_T_max,best_T_mean,best_T_std,best_T_iqr,best_T_cv,best_T_over_N_mean,best_T_over_K_mean
thin_tail,1000,8,250,75.0,25.0,100,15,18.95,31.75,41.0,53.25,75.05,85,43.08,16.329733678789804,21.5,0.3790560278270614,0.04308000000000001,0.17232000000000003
thin_tail,1000,8,500,50.0,50.0,100,29,35.95,49.75,63.5,77.25,98.05,121,64.69,19.09820182978788,27.5,0.2952264929631764,0.06469,0.12938
